c_york;Yorkshire;Yorkshire;Yorkshire;;Yorkshire;;;;;;;;;x
c_york_adj;Yorkist;Yorkist;Yorkist;;Yorkist;;;;;;;;;x
d_cambridge;Cambridge;Cambridge;Cambridge;;Cambridge;;;;;;;;;x
d_cambridge_adj;Cumbridgian;Cumbridgian;Cumbridgian;;Cumbridgian;;;;;;;;;x
c_berkshire;Berkshire;Berkshire;Berkshire;;Berkshire;;;;;;;;;x
c_berkshire_adj;Berkshirian;Berkshirian;Berkshirian;;Berkshirian;;;;;;;;;x
c_richmond;Richmondshire;Richmondshire;Richmondshire;;Richmondshire;;;;;;;;;x
c_richmond_adj;Richmondian;Richmondian;Richmondian;;Richmondian;;;;;;;;;x
c_huntingdon;Huntingdon;Huntingdon;Huntingdon;;Huntingdon;;;;;;;;;x
c_huntingdon_adj;Huntsman;Huntsman;Huntsman;;Huntsman;;;;;;;;;x
c_buckingham;Buckinghamshire;Buckinghamshire;Buckinghamshire;;Buckinghamshire;;;;;;;;;x
c_buckingham_adj;Bucks;Bucks;Bucks;;Bucks;;;;;;;;;x
c_nottingham;Nottinghamshire;Nottinghamshire;Nottinghamshire;;Nottinghamshire;;;;;;;;;x
c_nottingham_adj;;;;;;;;;;;;;;x
c_hertford;Hertfordshire;Hertfordshire;Hertfordshire;;Hertfordshire;;;;;;;;;x
c_hertford_adj;Herts;Herts;Herts;;Herts;;;;;;;;;x
c_rutland;Rutland;Rutland;Rutland;;Rutland;;;;;;;;;x
c_rutland_adj;;;;;;;;;;;;;;x
c_cambridge;Cambridgeshire;Cambridgeshire;Cambridgeshire;;Cambridgeshire;;;;;;;;;x
c_cambridge_adj;;;;;;;;;;;;;;x
c_stafford;Staffordshire;Staffordshire;Staffordshire;;Staffordshire;;;;;;;;;x
c_stafford_adj;;;;;;;;;;;;;;x
c_shrewsbury;Shropshire;Shropshire;Shropshire;;Shropshire;;;;;;;;;x
c_shrewsbury_adj;;;;;;;;;;;;;;x
k_oman;Oman;Oman;Oman;;Oman;;;;;;;;;x
k_oman_adj;Omani;Omani;Omani;;Omani;;;;;;;;;x
k_basra;Basra;Basra;Basra;;Basra;;;;;;;;;x
k_basra_adj;Basran;;;;;;;;;;;;;x
e_kanem;Kanem-Bornu Empire;Kanem-Bornu;Kanem-Bornu;;Kanem-Bornu;;;;;;;;;x
e_kanem_adj;Kanem;Kanem;Kanem;;Kanem;;;;;;;;;x
k_kanem;Kanem;Kanem;Kanem;;Kanem;;;;;;;;;x
k_kanem_adj;Kanem;Kanem;Kanem;;Kanem;;;;;;;;;x
k_isles;Mann & the Isles;Mann & the Isles;Mann & the Isles;;Mann & the Isles;;;;;;;;;x
k_isles_adj;Islander;Islander;Islander;;Islander;;;;;;;;;x
d_mecca;Mecca;Mecca;Mecca;;Mecca;;;;;;;;;x
d_mecca_adj;Meccan;Meccan;Meccan;;Meccan;;;;;;;;;x
k_bornu;Bornu;Bornu;Bornu;;Bornu;;;;;;;;;x
k_bornu_adj;Bornun;Bornun;Bornun;;Bornun;;;;;;;;;x
k_hausa;Hausaland;Hausaland;Hausaland;;Hausaland;;;;;;;;;x
k_hausa_adj;Hausan;Hausan;Hausan;;Hausan;;;;;;;;;x
k_wales;Wales;Wales;Wales;;Wales;;;;;;;;;x
k_wales_adj;Welsh;Welsh;Welsh;;Welsh;;;;;;;;;x
k_tunisia;Tunisia;Tunisia;Tunisia;;Tunisia;;;;;;;;;x
k_tunisia_adj;Tunisian;Tunisian;Tunisian;;Tunisian;;;;;;;;;x
k_africa;Tripolitania;Tripolitania;Tripolitania;;Tripolitania;;;;;;;;;x
k_africa_adj;Tripolitanian;Tripolitanian;Tripolitanian;;Tripolitanian;;;;;;;;;x
k_algeria;Algeria;Algeria;Algeria;;Algeria;;;;;;;;;x
k_algeria_adj;Algerian;Algerian;Algerian;;Algerian;;;;;;;;;x
k_papal_state;Papal States;La Papauté;Papsttum;;El Papado;;;;;;;;;x
k_papal_state_adj;Papal;papal;Päpstlich;;Pontifícia;;;;;;;;;x
d_asosa;Asosa;Asosa;Asosa;;Asosa;;;;;;;;;x
d_asosa_adj;;;;;;;;;;;;;;x
d_sennar;Sennar;Sennar;Sennar;;Sennar;;;;;;;;;x
d_sennar_adj;;;;;;;;;;;;;;x
d_aden;Aden;Aden;Aden;;Aden;;;;;;;;;x
d_aden_adj;;;;;;;;;;;;;;x
d_syrt;Syrt;Syrt;Syrt;;Syrt;;;;;;;;;x
d_syrt_adj;;;;;;;;;;;;;;x
d_atlas;Atlas;Atlas;Atlas;;Atlas;;;;;;;;;x
d_atlas_adj;Atlan;Atlan;Atlan;;Atlan;;;;;;;;;x
d_kairwan;Kairwan;Kairwan;Kairwan;;Kairwan;;;;;;;;;x
d_kairwan_adj;;;;;;;;;;;;;;x
d_zamfara;Zamfara;Zamfara;Zamfara;;Zamfara;;;;;;;;;x
d_zamfara_adj;Zamfaran;Zamfaran;Zamfaran;;Zamfaran;;;;;;;;;x
d_nasir;Nasirya;Nasirya;Nasirya;;Nasirya;;;;;;;;;x
d_nasir_adj;Nasiryan;Nasiryan;Nasiryan;;Nasiryan;;;;;;;;;x
b_huntingdon;Huntingdon;Huntingdon;Huntingdon;;Huntingdon;;;;;;;;;x
b_stives;St. Ives;St. Ives;St. Ives;;St. Ives;;;;;;;;;x
b_ramsey;Ramsey;Ramsey;Ramsey;;Ramsey;;;;;;;;;x
b_buckingham;Buckingham;Buckingham;Buckingham;;Buckingham;;;;;;;;;x
b_aylesbury;Aylesbury;Aylesbury;Aylesbury;;Aylesbury;;;;;;;;;x
b_milton_keynes;Milton Keynes;Milton Keynes;Milton Keynes;;Milton Keynes;;;;;;;;;x
b_high_wycombe;High Wycombe;High Wycombe;High Wycombe;;High Wycombe;;;;;;;;;x
b_reading;Reading;Reading;Reading;;Reading;;;;;;;;;x
b_bracknell;Bracknell;Bracknell;Bracknell;;Bracknell;;;;;;;;;x
b_windsor;Windsor;Windsor;Windsor;;Windsor;;;;;;;;;x
b_nottingham;Nottingham;Nottingham;Nottingham;;Nottingham;;;;;;;;;x
b_sherwood;Sherwood;Sherwood;Sherwood;;Sherwood;;;;;;;;;x
b_ashfield;Ashfield;Ashfield;Ashfield;;Ashfield;;;;;;;;;x
b_mansfield;Mansfield;Mansfield;Mansfield;;Mansfield;;;;;;;;;x
b_hertford;Hertford;Hertford;Hertford;;Hertford;;;;;;;;;x
b_berkhamsted;Berkhamsted;Berkhamsted;Berkhamsted;;Berkhamsted;;;;;;;;;x
b_hemel_hempstead;Hemel Hempstead;Hemel Hempstead;Hemel Hempstead;;Hemel Hempstead;;;;;;;;;x
b_cambridge;Cambridge;Cambridge;Cambridge;;Cambridge;;;;;;;;;x
b_peterborough;Peterborough;Peterborough;Peterborough;;Peterborough;;;;;;;;;x
b_isleham;Isleham;Isleham;Isleham;;Isleham;;;;;;;;;x
b_ely;Ely;Ely;Ely;;Ely;;;;;;;;;x
b_stafford;Stafford;Stafford;Stafford;;Stafford;;;;;;;;;x
b_offlow;Offlow;Offlow;Offlow;;Offlow;;;;;;;;;x
b_stone;Stone;Stone;Stone;;Stone;;;;;;;;;x
b_seisdon;Seisdon;Seisdon;Seisdon;;Seisdon;;;;;;;;;x
b_oakham;Oakham;Oakham;Oakham;;Oakham;;;;;;;;;x
b_uppingham;Uppingham;Uppingham;Uppingham;;Uppingham;;;;;;;;;x
b_barleythorpe;Barleythorpe;Barleythorpe;Barleythorpe;;Barleythorpe;;;;;;;;;x
d_kanem;Kanem;Kanem;Kanem;;Kanem;;;;;;;;;x
d_kanem_adj;Kanem;Kanem;Kanem;;Kanem;;;;;;;;;x
d_ouaddai;Ouaddai;Ouaddai;Ouaddai;;Ouaddai;;;;;;;;;x
d_ouaddai_adj;Wadi;Wadi;Wadi;;Wadi;;;;;;;;;x
d_wadi_fira;Ghat;Ghat;Ghat;;Ghat;;;;;;;;;x
d_wadi_fira_adj;Ghat;Ghat;Ghat;;Ghat;;;;;;;;;x
d_arlit;Arlit;Arlit;Arlit;;Arlit;;;;;;;;;x
d_arlit_adj;Arlitic;Arlitic;Arlitic;;Arlitic;;;;;;;;;x
d_ennedi;Ennedi;Ennedi;Ennedi;;Ennedi;;;;;;;;;x
d_ennedi_adj;Ennedi;Ennedi;Ennedi;;Ennedi;;;;;;;;;x
d_borno;Borno;Borno;Borno;;Borno;;;;;;;;;x
d_borno_adj;Bornon;Bornon;Bornon;;Bornon;;;;;;;;;x
d_tibesti;Tibesti;Tibesti;Tibesti;;Tibesti;;;;;;;;;x
d_tibesti_adj;Tibesti;Tibesti;Tibesti;;Tibesti;;;;;;;;;x
d_borku;Borku;Borku;Borku;;Borku;;;;;;;;;x
d_borku_adj;Borkun;Borkun;Borkun;;Borkun;;;;;;;;;x
c_kanem;Kanem;Kanem;Kanem;;Kanem;;;;;;;;;x
c_kanem_adj;;;;;;;;;;;;;;x
c_salal;Salal;Salal;Salal;;Salal;;;;;;;;;x
c_salal_adj;;;;;;;;;;;;;;x
c_fitri;Fitri;Fitri;Fitri;;Fitri;;;;;;;;;x
c_fitri_adj;;;;;;;;;;;;;;x
c_batha;Batha;Batha;Batha;;Batha;;;;;;;;;x
c_batha_adj;;;;;;;;;;;;;;x
c_sila;Sila;Sila;Sila;;Sila;;;;;;;;;x
c_sila_adj;;;;;;;;;;;;;;x
c_assoungha;Assoungha;Assoungha;Assoungha;;Assoungha;;;;;;;;;x
c_assoungha_adj;;;;;;;;;;;;;;x
c_ouara;Ouara;Ouara;Ouara;;Ouara;;;;;;;;;x
c_ouara_adj;;;;;;;;;;;;;;x
c_dar_tama;Dar Tama;Dar Tama;Dar Tama;;Dar Tama;;;;;;;;;x
c_dar_tama_adj;;;;;;;;;;;;;;x
c_fada;Fada;Fada;Fada;;Fada;;;;;;;;;x
c_fada_adj;;;;;;;;;;;;;;x
c_bahai;Bahai;Bahai;Bahai;;Bahai;;;;;;;;;x
c_bahai_adj;;;;;;;;;;;;;;x
c_ennedi;Ennedi;Ennedi;Ennedi;;Ennedi;;;;;;;;;x
c_ennedi_adj;;;;;;;;;;;;;;x
c_fezzan;Fezzan;Fezzan;Fezzan;;Fezzan;;;;;;;;;x
c_fezzan_adj;;;;;;;;;;;;;;x
c_borno;Borno;Borno;Borno;;Borno;;;;;;;;;x
c_borno_adj;;;;;;;;;;;;;;x
c_diffa;Diffa;Diffa;Diffa;;Diffa;;;;;;;;;x
c_diffa_adj;;;;;;;;;;;;;;x
c_merse;Merse;Merse;Merse;;Merse;;;;;;;;;x
c_merse_adj;;;;;;;;;;;;;;x
c_lac;Lac;Lac;Lac;;Lac;;;;;;;;;x
c_lac_adj;;;;;;;;;;;;;;x
c_murzuq;Murzuq;Murzuq;Murzuq;;Murzuq;;;;;;;;;x
c_murzuq_adj;;;;;;;;;;;;;;x
c_agadez;Agadez;Agadez;Agadez;;Agadez;;;;;;;;;x
c_agadez_adj;;;;;;;;;;;;;;x
c_tibesti;Tibesti;Tibesti;Tibesti;;Tibesti;;;;;;;;;x
c_tibesti_adj;;;;;;;;;;;;;;x
c_borkou;Borkou;Borkou;Borkou;;Borkou;;;;;;;;;x
c_borkou_adj;;;;;;;;;;;;;;x
c_nguigmi;N'guigmi;N'guigmi;N'guigmi;;N'guigmi;;;;;;;;;x
c_nguigmi_adj;;;;;;;;;;;;;;x
c_toubou;Toubou;Toubou;Toubou;;Toubou;;;;;;;;;x
c_toubou_adj;;;;;;;;;;;;;;x
c_cibiri;Cibiri;Cibiri;Cibiri;;Cibiri;;;;;;;;;x
c_cibiri_adj;;;;;;;;;;;;;;x
c_daura;Daura;Daura;Daura;;Daura;;;;;;;;;x
c_daura_adj;;;;;;;;;;;;;;x
d_daura;Daura;Daura;Daura;;Daura;;;;;;;;;x
d_daura_adj;;;;;;;;;;;;;;x
c_biramas;Biramas;Biramas;Biramas;;Biramas;;;;;;;;;x
c_biramas_adj;;;;;;;;;;;;;;x
b_biramas;Biramas;Biramas;Biramas;;Biramas;;;;;;;;;x
b_samu;Samu;Samu;Samu;;Samu;;;;;;;;;x
c_nagazargamu;Nagazargamu;Nagazargamu;Nagazargamu;;Nagazargamu;;;;;;;;;x
c_nagazargamu_adj;;;;;;;;;;;;;;x
b_nagazargamu;Nagazargamu;Nagazargamu;Nagazargamu;;Nagazargamu;;;;;;;;;x
b_dala;Dala;Dala;Dala;;Dala;;;;;;;;;x
c_kukava;Kukava;Kukava;Kukava;;Kukava;;;;;;;;;x
c_kukava_adj;;;;;;;;;;;;;;x
d_kukava;Kukava;Kukava;Kukava;;Kukava;;;;;;;;;x
d_kukava_adj;;;;;;;;;;;;;;x
c_gobir;Gobir;Gobir;Gobir;;Gobir;;;;;;;;;x
c_gobir_adj;;;;;;;;;;;;;;x
d_gobir;Sokoto;Sokoto;Sokoto;;Sokoto;;;;;;;;;x
d_gobir_adj;Sokot;Sokot;Sokot;;Sokot;;;;;;;;;x
c_zamfara;Zamfara;Zamfara;Zamfara;;Zamfara;;;;;;;;;x
c_zamfara_adj;;;;;;;;;;;;;;x
b_zamfara;Zamfara;Zamfara;Zamfara;;Zamfara;;;;;;;;;x
b_gusau;Gusau;Gusau;Gusau;;Gusau;;;;;;;;;x
b_birni;Birni;Birni;Birni;;Birni;;;;;;;;;x
b_umara;Umara;Umara;Umara;;Umara;;;;;;;;;x
b_daura;Daura;Daura;Daura;;Daura;;;;;;;;;x
b_karba;Karba;Karba;Karba;;Karba;;;;;;;;;x
b_kukava;Kukava;Kukava;Kukava;;Kukava;;;;;;;;;x
b_daban;Daban;Daban;Daban;;Daban;;;;;;;;;x
b_cibiri;Cibiri;Cibiri;Cibiri;;Cibiri;;;;;;;;;x
b_alkalawa;Alkalawa;Alkalawa;Alkalawa;;Alkalawa;;;;;;;;;x
c_kazaure;Kazaure;Kazaure;Kazaure;;Kazaure;;;;;;;;;x
c_kazaure_adj;;;;;;;;;;;;;;x
c_kano;Kano;Kano;Kano;;Kano;;;;;;;;;x
c_kano_adj;;;;;;;;;;;;;;x
d_kano;Kano;Kano;Kano;;Kano;;;;;;;;;x
d_kano_adj;;;;;;;;;;;;;;x
b_kano;Kano;Kano;Kano;;Kano;;;;;;;;;x
b_tofa;Tofa;Tofa;Tofa;;Tofa;;;;;;;;;x
b_rano;Rano;Rano;Rano;;Rano;;;;;;;;;x
b_kazaure;Kazaure;Kazaure;Kazaure;;Kazaure;;;;;;;;;x
b_jigawa;Jigawa;Jigawa;Jigawa;;Jigawa;;;;;;;;;x
b_toubou;Toubou;Toubou;Toubou;;Toubou;;;;;;;;;x
c_mandara;Mandara;Mandara;Mandara;;Mandara;;;;;;;;;x
c_mandara_adj;;;;;;;;;;;;;;x
d_mandara;Mandara;Mandara;Mandara;;Mandara;;;;;;;;;x
d_mandara_adj;;;;;;;;;;;;;;x
c_ngarangou;Ngarangou;Ngarangou;Ngarangou;;Ngarangou;;;;;;;;;x
c_ngarangou_adj;;;;;;;;;;;;;;x
b_mandara;Mandara;Mandara;Mandara;;Mandara;;;;;;;;;x
b_amidala;Amidala;Amidala;Amidala;;Amidala;;;;;;;;;x
b_ngarangou;Ngarangou;Ngarangou;Ngarangou;;Ngarangou;;;;;;;;;x
b_nadu;Nadu;Nadu;Nadu;;Nadu;;;;;;;;;x
b_kaouar;Kaouar;Kaouar;Kaouar;;Kaouar;;;;;;;;;x
b_nguigmi;Nguigmi;Nguigmi;Nguigmi;;Nguigmi;;;;;;;;;x
b_am_galakka;Am Galakka;Am Galakka;Am Galakka;;Am Galakka;;;;;;;;;x
b_borku;Borku;Borku;Borku;;Borku;;;;;;;;;x
b_yebbi_souma;Yebbi Souma;Yebbi Souma;Yebbi Souma;;Yebbi Souma;;;;;;;;;x
b_bardai;Bardai;Bardai;Bardai;;Bardai;;;;;;;;;x
b_kangalam;Kangalam;Kangalam;Kangalam;;Kangalam;;;;;;;;;x
b_liwa;Liwa;Liwa;Liwa;;Liwa;;;;;;;;;x
b_chetimari;Chetimari;Chetimari;Chetimari;;Chetimari;;;;;;;;;x
b_gaf;Gaf;Gaf;Gaf;;Gaf;;;;;;;;;x
b_diffa;Diffa;Diffa;Diffa;;Diffa;;;;;;;;;x
b_gidimbari;Gidimbari;Gidimbari;Gidimbari;;Gidimbari;;;;;;;;;x
b_kukawa;Kukawa;Kukawa;Kukawa;;Kukawa;;;;;;;;;x
b_uba;Uba;Uba;Uba;;Uba;;;;;;;;;x
b_mamdi;Mamdi;Mamdi;Mamdi;;Mamdi;;;;;;;;;x
b_mao;Mao;Mao;Mao;;Mao;;;;;;;;;x
b_merse;Merse;Merse;Merse;;Merse;;;;;;;;;x
b_chakata;Chakata;Chakata;Chakata;;Chakata;;;;;;;;;x
b_tobou;Tobou;Tobou;Tobou;;Tobou;;;;;;;;;x
b_abada;Abada;Abada;Abada;;Abada;;;;;;;;;x
b_kekedina;Kekedina;Kekedina;Kekedina;;Kekedina;;;;;;;;;x
b_nokou;Nokou;Nokou;Nokou;;Nokou;;;;;;;;;x
b_salal;Salal;Salal;Salal;;Salal;;;;;;;;;x
b_moussoro;Moussoro;Moussoro;Moussoro;;Moussoro;;;;;;;;;x
b_yao;Yao;Yao;Yao;;Yao;;;;;;;;;x
b_am_djamena;Am Djamena;Am Djamena;Am Djamena;;Am Djamena;;;;;;;;;x
b_barda;Barda;Barda;Barda;;Barda;;;;;;;;;x
b_zadam;Zadam;Zadam;Zadam;;Zadam;;;;;;;;;x
b_dahal;Dahal;Dahal;Dahal;;Dahal;;;;;;;;;x
b_ati;Ati;Ati;Ati;;Ati;;;;;;;;;x
b_oum_hadjer;Oum Hadjer;Oum Hadjer;Oum Hadjer;;Oum Hadjer;;;;;;;;;x
b_tissi;Tissi;Tissi;Tissi;;Tissi;;;;;;;;;x
b_koukou_angarana;Koukou Angarana;Koukou Angarana;Koukou Angarana;;Koukou Angarana;;;;;;;;;x
b_borota;Borota;Borota;Borota;;Borota;;;;;;;;;x
b_hadjer_hadid;Hadjer Hadid;Hadjer Hadid;Hadjer Hadid;;Hadjer Hadid;;;;;;;;;x
b_tajarhi;Tajarhi;Tajarhi;Tajarhi;;Tajarhi;;;;;;;;;x
b_qatrun;Qatrun;Qatrun;Qatrun;;Qatrun;;;;;;;;;x
b_bidadi;Bidadi;Bidadi;Bidadi;;Bidadi;;;;;;;;;x
b_faya;Faya;Faya;Faya;;Faya;;;;;;;;;x
b_agadez;Agadez;Agadez;Agadez;;Agadez;;;;;;;;;x
b_bilma;Bilma;Bilma;Bilma;;Bilma;;;;;;;;;x
b_ouara;Ouara;Ouara;Ouara;;Ouara;;;;;;;;;x
b_abdi;Abdi;Abdi;Abdi;;Abdi;;;;;;;;;x
b_sirim_birke;Sirim Birke;Sirim Birke;Sirim Birke;;Sirim Birke;;;;;;;;;x
b_kolonga;Kolonga;Kolonga;Kolonga;;Kolonga;;;;;;;;;x
b_tokou;Tokou;Tokou;Tokou;;Tokou;;;;;;;;;x
b_bahai;Bahai;Bahai;Bahai;;Bahai;;;;;;;;;x
b_murzuk;Murzuk;Murzuk;Murzuk;;Murzuk;;;;;;;;;x
b_fada;Fada;Fada;Fada;;Fada;;;;;;;;;x
e_mali;Mali Empire;Empire du Mali;Malireich;;Imperio de Mali.;;;;;;;;;x
e_mali_adj;Mali;Mali;Mali;;Mali;;;;;;;;;x
k_jolof;Jolof;Jolof;Jolof;;Jolof;;;;;;;;;x
k_jolof_adj;Jolof;Jolof;Jolof;;Jolof;;;;;;;;;x
k_ghana;Ghana;Ghana;Ghana;;Ghana;;;;;;;;;x
k_ghana_adj;Ghana;Ghana;Ghana;;Ghana;;;;;;;;;x
k_songhai;Songhai;Songhai;Songhai;;Songhai;;;;;;;;;x
k_songhai_adj;Songhai;Songhai;Songhai;;Songhai;;;;;;;;;x
d_takrur;Takrur;Takrur;Takrur;;Takrur;;;;;;;;;x
d_takrur_adj;Takrun;Takrun;Takrun;;Takrun;;;;;;;;;x
d_jolof;Jolof;Jolof;Jolof;;Jolof;;;;;;;;;x
d_jolof_adj;Jolof;Jolof;Jolof;;Jolof;;;;;;;;;x
d_susu;Susu;Susu;Susu;;Susu;;;;;;;;;x
d_susu_adj;Sussan;Sussan;Sussan;;Sussan;;;;;;;;;x
d_diafanu;Diafanu;Diafanu;Diafanu;;Diafanu;;;;;;;;;x
d_diafanu_adj;Diafnan;Diafnan;Diafnan;;Diafnan;;;;;;;;;x
d_jeno;Jeno;Jeno;Jeno;;Jeno;;;;;;;;;x
d_jeno_adj;Jennan;Jennan;Jennan;;Jennan;;;;;;;;;x
d_songhai;Songhai;Songhai;Songhai;;Songhai;;;;;;;;;x
d_songhai_adj;Songhai;Songhai;Songhai;;Songhai;;;;;;;;;x
d_wagadou;Wagadou;Wagadou;Wagadou;;Wagadou;;;;;;;;;x
d_wagadou_adj;Wagadin;Wagadin;Wagadin;;Wagadin;;;;;;;;;x
d_kangaba;Kangaba;Kangaba;Kangaba;;Kangaba;;;;;;;;;x
d_kangaba_adj;Kangaban;Kangaban;Kangaban;;Kangaban;;;;;;;;;x
d_laayoune;Laayoune;Laayoune;Laayoune;;Laayoune;;;;;;;;;x
d_laayoune_adj;Laayounan;Laayounan;Laayounan;;Laayounan;;;;;;;;;x
c_morfil;Morfil;Morfil;Morfil;;Morfil;;;;;;;;;x
c_morfil_adj;Morfi;Morfi;Morfi;;Morfi;;;;;;;;;x
c_matam;Matam;Matam;Matam;;Matam;;;;;;;;;x
c_matam_adj;Matami;Matami;Matami;;Matami;;;;;;;;;x
c_gambia;Gambia;Gambia;Gambia;;Gambia;;;;;;;;;x
c_gambia_adj;Gambian;Gambian;Gambian;;Gambian;;;;;;;;;x
c_tabacounda;Tabacounda;Tabacounda;Tabacounda;;Tabacounda;;;;;;;;;x
c_tabacounda_adj;Tabacoundan;Tabacoundan;Tabacoundan;;Tabacoundan;;;;;;;;;x
c_waalo;Waalo;Waalo;Waalo;;Waalo;;;;;;;;;x
c_waalo_adj;Waalan;Waalan;Waalan;;Waalan;;;;;;;;;x
c_cayor;Cayor;Cayor;Cayor;;Cayor;;;;;;;;;x
c_cayor_adj;Cayoran;Cayoran;Cayoran;;Cayoran;;;;;;;;;x
c_linguere;Linguere;Linguere;Linguere;;Linguere;;;;;;;;;x
c_linguere_adj;Lingueran;Lingueran;Lingueran;;Lingueran;;;;;;;;;x
c_saloum;Saloum;Saloum;Saloum;;Saloum;;;;;;;;;x
c_saloum_adj;Salouman;Salouman;Salouman;;Salouman;;;;;;;;;x
c_baol;Baol;Baol;Baol;;Baol;;;;;;;;;x
c_baol_adj;Baoli;Baoli;Baoli;;Baoli;;;;;;;;;x
c_taghaza;Taghaza;Taghaza;Taghaza;;Taghaza;;;;;;;;;x
c_taghaza_adj;Taghazan;Taghazan;Taghazan;;Taghazan;;;;;;;;;x
c_kirina;Kirina;Kirina;Kirina;;Kirina;;;;;;;;;x
c_kirina_adj;Kirinan;Kirinan;Kirinan;;Kirinan;;;;;;;;;x
c_araouane;Araouane;Araouane;Araouane;;Araouane;;;;;;;;;x
c_araouane_adj;Araouanan;Araouanan;Araouanan;;Araouanan;;;;;;;;;x
c_aoudagast;Aoudagast;Aoudagast;Aoudagast;;Aoudagast;;;;;;;;;x
c_aoudagast_adj;Aoudagasti;Aoudagasti;Aoudagasti;;Aoudagasti;;;;;;;;;x
c_oualata;Oualata;Oualata;Oualata;;Oualata;;;;;;;;;x
c_oualata_adj;Oualatan;Oualatan;Oualatan;;Oualatan;;;;;;;;;x
c_koumbi_saleh;Koumbi Saleh;Koumbi Saleh;Koumbi Saleh;;Koumbi Saleh;;;;;;;;;x
c_koumbi_saleh_adj;Koumbi;Koumbi;Koumbi;;Koumbi;;;;;;;;;x
c_djenne;Djenne;Djenne;Djenne;;Djenne;;;;;;;;;x
c_djenne_adj;Djenni;Djenni;Djenni;;Djenni;;;;;;;;;x
c_sama;Saman;Saman;Saman;;Saman;;;;;;;;;x
c_sama_adj;Saman;Saman;Saman;;Saman;;;;;;;;;x
c_gao;Gao;Gao;Gao;;Gao;;;;;;;;;x
c_gao_adj;Gaoan;Gaoan;Gaoan;;Gaoan;;;;;;;;;x
c_timbuktu;Timbuktu;Timbuktu;Timbuktu;;Timbuktu;;;;;;;;;x
c_timbuktu_adj;Timbuktan;Timbuktan;Timbuktan;;Timbuktan;;;;;;;;;x
c_wagadou;Wagadou;Wagadou;Wagadou;;Wagadou;;;;;;;;;x
c_wagadou_adj;Wagadin;Wagadin;Wagadin;;Wagadin;;;;;;;;;x
c_tenkodogo;Tenkodogo;Tenkodogo;Tenkodogo;;Tenkodogo;;;;;;;;;x
c_tenkodogo_adj;Tenkodogan;Tenkodogan;Tenkodogan;;Tenkodogan;;;;;;;;;x
c_koudougu;Koudougu;Koudougu;Koudougu;;Koudougu;;;;;;;;;x
c_koudougu_adj;Koudougan;Koudougan;Koudougan;;Koudougan;;;;;;;;;x
c_niani;Niani;Niani;Niani;;Niani;;;;;;;;;x
c_niani_adj;Nianan;Nianan;Nianan;;Nianan;;;;;;;;;x
c_sikasso;Sikasso;Sikasso;Sikasso;;Sikasso;;;;;;;;;x
c_sikasso_adj;Sikassi;Sikassi;Sikassi;;Sikassi;;;;;;;;;x
c_yaresna;Yaresna;Yaresna;Yaresna;;Yaresna;;;;;;;;;x
c_yaresna_adj;Yaresnan;Yaresnan;Yaresnan;;Yaresnan;;;;;;;;;x
c_ghiryu;Ghiryu;Ghiryu;Ghiryu;;Ghiryu;;;;;;;;;x
c_ghiryu_adj;Ghiryu;Ghiryu;Ghiryu;;Ghiryu;;;;;;;;;x
c_el_aaiun;El Aaiun;El Aaiun;El Aaiun;;El Aaiun;;;;;;;;;x
c_el_aaiun_adj;El Aaiunic;El Aaiunic;El Aaiunic;;El Aaiunic;;;;;;;;;x
c_boujdour;Boujdour;Boujdour;Boujdour;;Boujdour;;;;;;;;;x
c_boujdour_adj;Boujdouran;Boujdouran;Boujdouran;;Boujdouran;;;;;;;;;x
c_dakhla;Dakhla;Dakhla;Dakhla;;Dakhla;;;;;;;;;x
c_dakhla_adj;Dakhlan;Dakhlan;Dakhlan;;Dakhlan;;;;;;;;;x
c_bir_gandlus;Bir Gandouz;Bir Gandouz;Bir Gandouz;;Bir Gandouz;;;;;;;;;x
c_bir_gandlus_adj;Bir Gandouzi;Bir Gandouzi;Bir Gandouzi;;Bir Gandouzi;;;;;;;;;x
b_morfil;Morfil;Morfil;Morfil;;Morfil;;;;;;;;;x
b_matam;Matam;Matam;Matam;;Matam;;;;;;;;;x
b_ziguincha;Ziguincha;Ziguincha;Ziguincha;;Ziguincha;;;;;;;;;x
b_tabacounda;Tabacounda;Tabacounda;Tabacounda;;Tabacounda;;;;;;;;;x
b_ngiangue;Ndiangue;Ndiangue;Ndiangue;;Ndiangue;;;;;;;;;x
b_mboul;Mboul;Mboul;Mboul;;Mboul;;;;;;;;;x
b_linguere;Linguere;Linguere;Linguere;;Linguere;;;;;;;;;x
b_kahone;Kahone;Kahone;Kahone;;Kahone;;;;;;;;;x
b_jurbel;Jurbel;Jurbel;Jurbel;;Jurbel;;;;;;;;;x
b_taghaza;Taghaza;Taghaza;Taghaza;;Taghaza;;;;;;;;;x
b_kirina;Kirina;Kirina;Kirina;;Kirina;;;;;;;;;x
b_araouane;Araouane;Araouane;Araouane;;Araouane;;;;;;;;;x
b_aoudagast;Aoudagast;Aoudagast;Aoudagast;;Aoudagast;;;;;;;;;x
b_oualata;Oualata;Oualata;Oualata;;Oualata;;;;;;;;;x
b_koumbi_saleh;Koumbi Saleh;Koumbi Saleh;Koumbi Saleh;;Koumbi Saleh;;;;;;;;;x
b_djenne;Djenne;Djenne;Djenne;;Djenne;;;;;;;;;x
b_sama;Sama;Sama;Sama;;Sama;;;;;;;;;x
b_gao;Gao;Gao;Gao;;Gao;;;;;;;;;x
b_timbuktu;Timbuktu;Timbuktu;Timbuktu;;Timbuktu;;;;;;;;;x
b_wagadou;Wagadou;Wagadou;Wagadou;;Wagadou;;;;;;;;;x
b_tenkodogo;Tenkodogo;Tenkodogo;Tenkodogo;;Tenkodogo;;;;;;;;;x
b_koudougu;Koudougu;Koudougu;Koudougu;;Koudougu;;;;;;;;;x
b_niani;Niani;Niani;Niani;;Niani;;;;;;;;;x
b_sikasso;Sikasso;Sikasso;Sikasso;;Sikasso;;;;;;;;;x
b_yaresna;Yaresna;Yaresna;Yaresna;;Yaresna;;;;;;;;;x
b_ghiryu;Ghiryu;Ghiryu;Ghiryu;;Ghiryu;;;;;;;;;x
b_el_aaiun;El Aaiun;El Aaiun;El Aaiun;;El Aaiun;;;;;;;;;x
b_boujdour;Boujdour;Boujdour;Boujdour;;Boujdour;;;;;;;;;x
b_dakhla;Dakhla;Dakhla;Dakhla;;Dakhla;;;;;;;;;x
b_bir_gandlus;Bir Gandlus;Bir Gandlus;Bir Gandlus;;Bir Gandlus;;;;;;;;;x
k_mozabite;Mozabite States;Mozabite States;Mozabite States;;Mozabite States;;;;;;;;;x
k_mozabite_adj;Mozabite;Mozabite;Mozabite;;Mozabite;;;;;;;;;x
d_ghardaia;Ghardaia;Ghardaia;Ghardaia;;Ghardaia;;;;;;;;;x
d_ghardaia_adj;Ghardaia;Ghardaia;Ghardaia;;Ghardaia;;;;;;;;;x
d_zeifana;Zeifana;Zeifana;Zeifana;;Zeifana;;;;;;;;;x
d_zeifana_adj;Zeifana;Zeifana;Zeifana;;Zeifana;;;;;;;;;x
d_bergan;Bergen;Bergen;Bergen;;Bergen;;;;;;;;;x
d_bergan_adj;Bergen;Bergen;Bergen;;Bergen;;;;;;;;;x
c_ghardaia;Ghardaia;Ghardaia;Ghardaia;;Ghardaia;;;;;;;;;x
c_ghardaia_adj;Ghardaia;Ghardaia;Ghardaia;;Ghardaia;;;;;;;;;x
c_zeifana;Zeifana;Zeifana;Zeifana;;Zeifana;;;;;;;;;x
c_zeifana_adj;Zeifana;Zeifana;Zeifana;;Zeifana;;;;;;;;;x
c_bergan;Bergen;Bergen;Bergen;;Bergen;;;;;;;;;x
c_bergan_adj;Bergen;Bergen;Bergen;;Bergen;;;;;;;;;x
c_beni_isguen;Beni-Isguen;Beni-Isguen;Beni-Isguen;;Beni-Isguen;;;;;;;;;x
c_beni_isguen_adj;Beni-Isguen;Beni-Isguen;Beni-Isguen;;Beni-Isguen;;;;;;;;;x
c_melika;Melika;Melika;Melika;;Melika;;;;;;;;;x
c_melika_adj;Melika;Melika;Melika;;Melika;;;;;;;;;x
c_bounoura;Bounoura;Bounoura;Bounoura;;Bounoura;;;;;;;;;x
c_bounoura_adj;Bounoura;Bounoura;Bounoura;;Bounoura;;;;;;;;;x
c_el_ateuf;Ateuf;Ateuf;Ateuf;;Ateuf;;;;;;;;;x
c_el_ateuf_adj;Ateuf;Ateuf;Ateuf;;Ateuf;;;;;;;;;x
c_guerra;Guerra;Guerra;Guerra;;Guerra;;;;;;;;;x
c_guerra_adj;Guerra;Guerra;Guerra;;Guerra;;;;;;;;;x
b_guerra;Guerra;Guerra;Guerra;;Guerra;;;;;;;;;x
b_palmeraie;Palmeraie;Palmeraie;Palmeraie;;Palmeraie;;;;;;;;;x
b_el_ateuf;Ateuf;Ateuf;Ateuf;;Ateuf;;;;;;;;;x
b_bounoura;Bounoura;Bounoura;Bounoura;;Bounoura;;;;;;;;;x
b_melika;Melika;Melika;Melika;;Melika;;;;;;;;;x
b_beni_isguen;Beni-Isguen;Beni-Isguen;Beni-Isguen;;Beni-Isguen;;;;;;;;;x
b_bergan;Bergen;Bergen;Bergen;;Bergen;;;;;;;;;x
b_zeifana;Zeifana;Zeifana;Zeifana;;Zeifana;;;;;;;;;x
b_ghardaia;Ghardaia;Ghardaia;Ghardaia;;Ghardaia;;;;;;;;;x
b_oudjoujen;Oudjoujen;Oudjoujen;Oudjoujen;;Oudjoujen;;;;;;;;;x
k_nubia;Nubia;Nubia;Nubia;;Nubia;;;;;;;;;x
k_nubia_adj;Nubian;Nubian;Nubian;;Nubian;;;;;;;;;x
k_abyssinia;Abyssinia;Abyssinia;Abyssinia;;Abyssinia;;;;;;;;;x
k_abyssinia_adj;Abyssinian;Abyssinian;Abyssinian;;Abyssinian;;;;;;;;;x
e_ethiopian;Abyssinian Empire;Abyssinian Empire;Abyssinian Empire;;Abyssinian Empire;;;;;;;;;x
e_ethiopian_adj;Abyssinian;Abyssinian;Abyssinian;;Abyssinian;;;;;;;;;x
k_semien;Semien;Semien;Semien;;Semien;;;;;;;;;x
k_semien_adj;Semien;Semien;Semien;;Semien;;;;;;;;;x
k_alodia;Alodia;Alodia;Alodia;;Alodia;;;;;;;;;x
k_alodia_adj;Alodian;Alodian;Alodian;;Alodian;;;;;;;;;x
k_somalia;Somali Kingdom;Somali Kingdom;Somali Kingdom;;Somali Kingdom;;;;;;;;;x
k_somalia_adj;Somali;Somali;Somali;;Somali;;;;;;;;;x
k_beja;Beja Sultunate;Beja Sultunate;Beja Sultunate;;Beja Sultunate;;;;;;;;;x
k_beja_adj;Bejan;Bejan;Bejan;;Bejan;;;;;;;;;x
k_makuria;Makuria;Makuria;Makuria;;Makuria;;;;;;;;;x
k_makuria_adj;Makurian;Makurian;Makurian;;Makurian;;;;;;;;;x
d_nubia;Nobatia;Nobatia;Nobatia;;Nobatia;;;;;;;;;x
d_nubia_adj;Nobatian;Nobatian;Nobatian;;Nobatian;;;;;;;;;x
d_makuria;Makuria;Makuria;Makuria;;Makuria;;;;;;;;;x
d_makuria_adj;Makurian;Makurian;Makurian;;Makurian;;;;;;;;;x
d_axum;Aksum;Aksum;Aksum;;Aksum;;;;;;;;;x
d_axum_adj;Aksum;Aksum;Aksum;;Aksum;;;;;;;;;x
d_eritrea;Eritrea;Eritrea;Eritrea;;Eritrea;;;;;;;;;x
d_eritrea_adj;Eritrean;Eritrean;Eritrean;;Eritrean;;;;;;;;;x
d_alodia;Alodia;Alodia;Alodia;;Alodia;;;;;;;;;x
d_alodia_adj;Alodian;Alodian;Alodian;;Alodian;;;;;;;;;x
d_gondar;Gondar;Gondar;Gondar;;Gondar;;;;;;;;;x
d_gondar_adj;Gondaric;Gondaric;Gondaric;;Gondaric;;;;;;;;;x
d_shewa;Shewa;Shewa;Shewa;;Shewa;;;;;;;;;x
d_shewa_adj;Shewan;Shewan;Shewan;;Shewan;;;;;;;;;x
d_harer;Adal;Adal;Adal;;Adal;;;;;;;;;x
d_harer_adj;Adallic;Adallic;Adallic;;Adallic;;;;;;;;;x
k_coptic;Coptic Orthodox Church of Alexandria;Coptic Church;Coptic Church;;Coptic Church;;;;;;;;;x
k_coptic_adj;Coptic;Coptic;Coptic;;Coptic;;;;;;;;;x
c_busaso;Busaso;Busaso;Busaso;;Busaso;;;;;;;;;x
c_busaso_adj;Busaso;Busaso;Busaso;;Busaso;;;;;;;;;x
c_berbera;Berbera;Berbera;Berbera;;Berbera;;;;;;;;;x
c_berbera_adj;Berbera;Berbera;Berbera;;Berbera;;;;;;;;;x
c_tadjoura;Tadjoura;Tadjoura;Tadjoura;;Tadjoura;;;;;;;;;x
c_tadjoura_adj;Tadjoura;Tadjoura;Tadjoura;;Tadjoura;;;;;;;;;x
c_kassala;Suakin;Suakin;Suakin;;Suakin;;;;;;;;;x
c_kassala_adj;Suakin;Suakin;Suakin;;Suakin;;;;;;;;;x
c_gondar;Gondar;Gondar;Gondar;;Gondar;;;;;;;;;x
c_gondar_adj;Gondar;Gondar;Gondar;;Gondar;;;;;;;;;x
c_aksum;Aksum;Aksum;Aksum;;Aksum;;;;;;;;;x
c_aksum_adj;Aksum;Aksum;Aksum;;Aksum;;;;;;;;;x
c_harer;Zeila;Zeila;Zeila;;Zeila;;;;;;;;;x
c_harer_adj;Zeila;Zeila;Zeila;;Zeila;;;;;;;;;x
c_nubia;Chiggre;Chiggre;Chiggre;;Chiggre;;;;;;;;;x
c_nubia_adj;Chiggre;Chiggre;Chiggre;;Chiggre;;;;;;;;;x
c_makuria;Aniba;Aniba;Aniba;;Aniba;;;;;;;;;x
c_makuria_adj;Aniba;Aniba;Aniba;;Aniba;;;;;;;;;x
c_atbara;Dongola;Dongola;Dongola;;Dongola;;;;;;;;;x
c_atbara_adj;Dongola;Dongola;Dongola;;Dongola;;;;;;;;;x
c_hayya;Faras;Faras;Faras;;Faras;;;;;;;;;x
c_hayya_adj;Faras;Faras;Faras;;Faras;;;;;;;;;x
c_akordat;Bahr;Bahr;Bahr;;Bahr;;;;;;;;;x
c_akordat_adj;Bahr;Bahr;Bahr;;Bahr;;;;;;;;;x
c_antalo;Lasta;Lasta;Lasta;;Lasta;;;;;;;;;x
c_antalo_adj;Lasta;Lasta;Lasta;;Lasta;;;;;;;;;x
c_matamma;Matamma;Matamma;Matamma;;Matamma;;;;;;;;;x
c_matamma_adj;Matamma;Matamma;Matamma;;Matamma;;;;;;;;;x
c_ankober;Shewa;Shewa;Shewa;;Shewa;;;;;;;;;x
c_ankober_adj;Shewa;Shewa;Shewa;;Shewa;;;;;;;;;x
c_asosa;Welega;Welega;Welega;;Welega;;;;;;;;;x
c_asosa_adj;Welega;Welega;Welega;;Welega;;;;;;;;;x
c_sennar;Sinar;Sinar;Sinar;;Sinar;;;;;;;;;x
c_sennar_adj;Sinar;Sinar;Sinar;;Sinar;;;;;;;;;x
c_adal;Adal;Adal;Adal;;Adal;;;;;;;;;x
c_adal_adj;Adal;Adal;Adal;;Adal;;;;;;;;;x
c_ifat;Ifat;Ifat;Ifat;;Ifat;;;;;;;;;x
c_ifat_adj;Ifat;Ifat;Ifat;;Ifat;;;;;;;;;x
c_dobaa;Doba'a;Doba'a;Doba'a;;Doba'a;;;;;;;;;x
c_dobaa_adj;Doba'a;Doba'a;Doba'a;;Doba'a;;;;;;;;;x
c_damot;Damot;Damot;Damot;;Damot;;;;;;;;;x
c_damot_adj;Damot;Damot;Damot;;Damot;;;;;;;;;x
c_hadiya;Hadiya;Hadiya;Hadiya;;Hadiya;;;;;;;;;x
c_hadiya_adj;Hadiya;Hadiya;Hadiya;;Hadiya;;;;;;;;;x
c_soba;Soba;Soba;Soba;;Soba;;;;;;;;;x
c_soba_adj;Soba;Soba;Soba;;Soba;;;;;;;;;x
c_barka;Barka;Barka;Barka;;Barka;;;;;;;;;x
c_barka_adj;Barka;Barka;Barka;;Barka;;;;;;;;;x
c_butana;Naqa;Naqa;Naqa;;Naqa;;;;;;;;;x
c_butana_adj;Naqa;Naqa;Naqa;;Naqa;;;;;;;;;x
c_meroe;Meroe;Meroe;Meroe;;Meroe;;;;;;;;;x
c_meroe_adj;Meroe;Meroe;Meroe;;Meroe;;;;;;;;;x
c_napata;Napata;Napata;Napata;;Napata;;;;;;;;;x
c_napata_adj;Napata;Napata;Napata;;Napata;;;;;;;;;x
c_aidhab;Aidhab;Aidhab;Aidhab;;Aidhab;;;;;;;;;x
c_aidhab_adj;Aidhab;Aidhab;Aidhab;;Aidhab;;;;;;;;;x
c_ade;Ade;Ade;Ade;;Ade;;;;;;;;;x
c_geneina;Gambarou;Gambarou;Gambarou;;Gambarou;;;;;;;;;x
c_mutum;Mutum;Mutum;Mutum;;Mutum;;;;;;;;;x
c_mutum_adj;Mutumic;Mutumic;Mutumic;;Mutumic;;;;;;;;;x
b_mutum;Mutum;Mutum;Mutum;;Mutum;;;;;;;;;x
b_babura;Babura;Babura;Babura;;Babura;;;;;;;;;x
c_sokoto;Sokoto;Sokoto;Sokoto;;Sokoto;;;;;;;;;x
c_katsina;Katsina;Katsina;Katsina;;Katsina;;;;;;;;;x
c_sokoto_adj;Sokoton;Sokoton;Sokoton;;Sokoton;;;;;;;;;x
c_katsina_adj;Katsin;Katsin;Katsin;;Katsin;;;;;;;;;x
b_katsina;Katsina;Katsina;Katsina;;Katsina;;;;;;;;;x
b_kebi;Kebi;Kebi;Kebi;;Kebi;;;;;;;;;x
b_maradi;Maradi;Maradi;Maradi;;Maradi;;;;;;;;;x
b_sokoto;Sokoto;Sokoto;Sokoto;;Sokoto;;;;;;;;;x
b_argurgu;Argurgu;Argurgu;Argurgu;;Argurgu;;;;;;;;;x
c_daju;Mujac;Mujac;Mujac;;Mujac;;;;;;;;;x
c_tunjur;Medra;Medra;Medra;;Medra;;;;;;;;;x
c_nyala;Wusat;Wusat;Wusat;;Wusat;;;;;;;;;x
c_fur;Barah;Barah;Barah;;Barah;;;;;;;;;x
c_fashir;Semegonda;Semegonda;Semegonda;;Semegonda;;;;;;;;;x
c_gharb;Attalab;Attalab;Attalab;;Attalab;;;;;;;;;x
c_nahud;Ghurud;Ghurud;Ghurud;;Ghurud;;;;;;;;;x
c_nuba;Sama;Sama;Sama;;Sama;;;;;;;;;x
c_fashoda;Kosti;Kosti;Kosti;;Kosti;;;;;;;;;x
c_melut;Gorhan;Gorhan;Gorhan;;Gorhan;;;;;;;;;x
c_jubiyah;Kovar;Kovar;Kovar;;Kovar;;;;;;;;;x
c_janub;Nukhaylah;Nukhaylah;Nukhaylah;;Nukhaylah;;;;;;;;;x
c_shamal;Qasr Ibrim;Qasr Ibrim;Qasr Ibrim;;Qasr Ibrim;;;;;;;;;x
c_ade_adj;Ade;Ade;Ade;;Ade;;;;;;;;;x
c_geneina_adj;Gambarou;Gambarou;Gambarou;;Gambarou;;;;;;;;;x
c_daju_adj;Mujac;Mujac;Mujac;;Mujac;;;;;;;;;x
c_tunjur_adj;Medra;Medra;Medra;;Medra;;;;;;;;;x
c_nyala_adj;Wusat;Wusat;Wusat;;Wusat;;;;;;;;;x
c_fur_adj;Barah;Barah;Barah;;Barah;;;;;;;;;x
c_fashir_adj;Semegonda;Semegonda;Semegonda;;Semegonda;;;;;;;;;x
c_gharb_adj;Attalab;Attalab;Attalab;;Attalab;;;;;;;;;x
c_nahud_adj;Ghurud;Ghurud;Ghurud;;Ghurud;;;;;;;;;x
c_nuba_adj;Sama;Sama;Sama;;Sama;;;;;;;;;x
c_fashoda_adj;Kosti;Kosti;Kosti;;Kosti;;;;;;;;;x
c_melut_adj;Gorhan;Gorhan;Gorhan;;Gorhan;;;;;;;;;x
c_jubiyah_adj;Kovar;Kovar;Kovar;;Kovar;;;;;;;;;x
c_janub_adj;Nukhaylah;Nukhaylah;Nukhaylah;;Nukhaylah;;;;;;;;;x
c_shamal_adj;Qasr Ibrim;Qasr Ibrim;Qasr Ibrim;;Qasr Ibrim;;;;;;;;;x
k_darfur;Darfur;Darfur;Darfur;;Darfur;;;;;;;;;x
k_darfur_adj;Darfuric;Darfuric;Darfuric;;Darfuric;;;;;;;;;x
d_kordofan;Kordofan;Kordofan;Kordofan;;Kordofan;;;;;;;;;x
d_kordofan_adj;Kordofani;Kordofani;Kordofani;;Kordofani;;;;;;;;;x
d_kufra;Kufra;Kufra;Kufra;;Kufra;;;;;;;;;x
d_darfur;Southern Darfur;Southern Darfur;Southern Darfur;;Southern Darfur;;;;;;;;;x
d_darfur_adj;Darfuric;Darfuric;Darfuric;;Darfuric;;;;;;;;;x
d_nyala;Wusat;Wusat;Wusat;;Wusat;;;;;;;;;x
d_nyala_adj;Nyalic;Nyalic;Nyalic;;Nyalic;;;;;;;;;x
d_nuba;Northern Darfur;Northern Darfur;Northern Darfur;;Northern Darfur;;;;;;;;;x
d_nuba_adj;Darfuric;Darfuric;Darfuric;;Darfuric;;;;;;;;;x
b_nuba;Sama;Sama;Sama;;Sama;;;;;;;;;x
b_shamal;Qasr Ibrim;Qasr Ibrim;Qasr Ibrim;;Qasr Ibrim;;;;;;;;;x
b_simbel;Simbel;Simbel;Simbel;;Simbel;;;;;;;;;x
b_ahmar;Ahmar;Ahmar;Ahmar;;Ahmar;;;;;;;;;x
b_abka;Abka;Abka;Abka;;Abka;;;;;;;;;x
b_gharb;Attalab;Attalab;Attalab;;Attalab;;;;;;;;;x
b_qetaa;Qetaa;Qetaa;Qetaa;;Qetaa;;;;;;;;;x
b_rabak;Rabak;Rabak;Rabka;;Rabak;;;;;;;;;x
b_mellit;Mellit;Mellit;Mellit;;Mellit;;;;;;;;;x
b_nahud;Ghurud;Ghurud;Ghurud;;Ghurud;;;;;;;;;x
b_zabad;Zabad;Zabad;Zabad;;Zabad;;;;;;;;;x
b_janub;Nukhaylah;Nukhaylah;Nukhaylah;;Nukhaylah;;;;;;;;;x
b_fur;Barah;Barah;Barah;;Barah;;;;;;;;;x
b_kutum;Asuda;Asuda;Asuda;;Asuda;;;;;;;;;x
b_fashir;Semegonda;Semegonda;Semegonda;;Semegonda;;;;;;;;;x
b_kabkabiya;Kabkabiya;Kabkabiya;Kabkabiya;;Kabkabiya;;;;;;;;;x
b_ade;Ade;Ade;Ade;;Ade;;;;;;;;;x
b_geneina;Gambarou;Gambarou;Gambarou;;Gambarou;;;;;;;;;x
b_nyala;Wusat;Wusat;Wusat;;Wusat;;;;;;;;;x
b_deroti;Deroti;Deroti;Deroti;;Deroti;;;;;;;;;x
b_daju;Mujac;Mujac;Mujac;;Mujac;;;;;;;;;x
b_rahad;Rahad;Rahad;Rahad;;Rahad;;;;;;;;;x
b_birao;Birao;Birao;Birao;;Birao;;;;;;;;;x
b_gubaysh;Gubaysh;Gubaysh;Gubaysh;;Gubaysh;;;;;;;;;x
b_dubaybat;Dubaybat;Dubaybat;Dubaybat;;Dubaybat;;;;;;;;;x
b_tunjur;Medra;Medra;Medra;;Medra;;;;;;;;;x
b_zurq;Zurq;Zurq;Zurq;;Zurq;;;;;;;;;x
b_laqiya;Laqiya;Laqiya;Laqiya;;Laqiya;;;;;;;;;x
b_qardud;Qardud;Qardud;Qardud;;Qardud;;;;;;;;;x
b_salima;Salima;Salima;Salima;;Salima;;;;;;;;;x
b_jubiyah;Kovar;Kovar;Kovar;;Kovar;;;;;;;;;x
b_fashoda;Zannubah;Zannubah;Zannubah;;Zannubah;;;;;;;;;x
c_tidjikja;Tidjikja;Tidjikja;Tidjikja;;Tidjikja;;;;;;;;;x
c_bintagoungou;Bintagoungou;Bintagoungou;Bintagoungou;;Bintagoungou;;;;;;;;;x
c_walatah;Walatah;Walatah;Walatah;;Walatah;;;;;;;;;x
c_tidjikja_adj;Tidjik;Tidjik;Tidjik;;Tidjik;;;;;;;;;x
c_bintagoungou_adj;Binta;Binta;Binta;;Binta;;;;;;;;;x
c_walatah_adj;Walat;Walat;Walat;;Walat;;;;;;;;;x
d_walatah;Walatah;Walatah;Walatah;;Walatah;;;;;;;;;x
d_walatah_adj;Walat;Walat;Walat;;Walat;;;;;;;;;x
b_senoussi;Senoussi;Senoussi;Senoussi;;Senoussi;;;;;;;;;x
b_melut;Gorhan;Gorhan;Gorhan;;Gorhan;;;;;;;;;x
b_warral;El Warral;El Warral;El Warral;;El Warral;;;;;;;;;x
b_hani;Hani;Hani;Hani;;Hani;;;;;;;;;x
b_shagar;Shagar;Shagar;Shagar;;Shagar;;;;;;;;;x
d_powys;Powys;Powys;Powys;;Powys;;;;;;;;;x
d_powys_adj;Powish;Powish;Powish;;Powish;;;;;;;;;x
b_darqab;Darqab;Darqab;Darqab;;Darqab;;;;;;;;;x
c_maelienydd;Maelienydd;Maelienydd;Maelienydd;;Maelienydd;;;;;;;;;x
c_maelienydd_adj;Maelienaidd;Maelienaidd;Maelienaidd;;Maelienaidd;;;;;;;;;x
c_powys_fadog;Maelor;Maelor;Maelor;;Maelor;;;;;;;;;x
c_powys_fadog_adj;Maeloran;Maeloran;Maeloran;;Maeloran;;;;;;;;;x
c_powys_wenwynwyn;Cyfeiliog;Cyfeiliog;Cyfeiliog;;Cyfeiliog;;;;;;;;;x
c_powys_wenwynwyn_adj;Cyfeilish;Cyfeilish;Cyfeilish;;Cyfeilish;;;;;;;;;x
d_morgannwg;Morgannwg;Morgannwg;Morgannwg;;Morgannwg;;;;;;;;;x
d_morgannwg_adj;Morgannish;Morgannish;Morgannish;;Morgannish;;;;;;;;;x
c_glywysing;Glywysing;Glywysing;Glywysing;;Glywysing;;;;;;;;;x
c_glywysing_adj;Glywysinger;Glywysinger;Glywysinger;;Glywysinger;;;;;;;;;x
c_brycheiniog;Brycheiniog;Brycheiniog;Brycheiniog;;Brycheiniog;;;;;;;;;x
c_brycheiniog_adj;Brycheinish;Brycheinish;Brycheinish;;Brycheinish;;;;;;;;;x
c_ystrad_tywi;Ystrad Tywi;Ystrad Tywi;Ystrad Tywi;;Ystrad Tywi;;;;;;;;;x
c_ystrad_tywi_adj;Tywish;Tywish;Tywish;;Tywish;;;;;;;;;x
c_ceredigion;Ceredigion;Ceredigion;Ceredigion;;Ceredigion;;;;;;;;;x
c_ceredigion_adj;Ceredigish;Ceredigish;Ceredigish;;Ceredigish;;;;;;;;;x
c_meirionnydd;Meirionnydd;Meirionnydd;Meirionnydd;;Meirionnydd;;;;;;;;;x
c_meirionnydd_adj;Meirionnaidd;Meirionnaidd;Meirionnaidd;;Meirionnaidd;;;;;;;;;x
b_aberaeron;Aberaeron;Aberaeron;Aberaeron;;Aberaeron;;;;;;;;;x
b_abermagwr;Abermagwr;Abermagwr;Abermagwr;;Abermagwr;;;;;;;;;x
b_aberystwyth;Aberystwyth;Aberystwyth;Aberystwyth;;Aberystwyth;;;;;;;;;x
b_borth;Borth;Borth;Borth;;Borth;;;;;;;;;x
b_buellt;Buellt;Buellt;Buellt;;Buellt;;;;;;;;;x
b_camrose;Camrose;Camrose;Camrose;;Camrose;;;;;;;;;x
b_cetguili;Cetguili;Cetguili;Cetguili;;Cetguili;;;;;;;;;x
b_crug_eryr;Crug Eryr;Crug Eryr;Crug Eryr;;Crug Eryr;;;;;;;;;x
b_cynwyd;Cynwyd;Cynwyd;Cynwyd;;Cynwyd;;;;;;;;;x
b_dinas_bran;Abermagwr;Dinas Bran;Dinas Bran;;Dinas Bran;;;;;;;;;x
b_elfael;Elfael;Elfael;Elfael;;Elfael;;;;;;;;;x
b_gaer_penrhos;Aberystwyth;Gaer Penrhos;Gaer Penrhos;;Gaer Penrhos;;;;;;;;;x
b_gorseynon;Borth;Gorseynon;Gorseynon;;Gorseynon;;;;;;;;;x
b_llanelli;Llanelli;Llanelli;Llanelli;;Llanelli;;;;;;;;;x
b_llangeitho;Llangeitho;Llangeitho;Llangeitho;;Llangeitho;;;;;;;;;x
b_llangelynin;Llangelynin;Llangelynin;Llangelynin;;Llangelynin;;;;;;;;;x
b_llangorse;Llangorse;Llangorse;Llangorse;;Llangorse;;;;;;;;;x
b_llanidoes;Llanidoes;Llanidoes;Llanidoes;;Llanidoes;;;;;;;;;x
b_merthyr_tydfil;Merthyr Tydfil;Merthyr Tydfil;Merthyr Tydfil;;Merthyr Tydfil;;;;;;;;;x
b_tregaron;Tregaron;Tregaron;Tregaron;;Tregaron;;;;;;;;;x
b_tywyn;Tywyn;Tywyn;Tywyn;;Tywyn;;;;;;;;;x
b_ystradgynlais;Ystradgynlais;Ystradgynlais;Ystradgynlais;;Ystradgynlais;;;;;;;;;x
c_arlit;Arlit;Arlit;Arlit;;Arlit;;;;;;;;;x
c_abardok;Abardok;Abardok;Abardok;;Abardok;;;;;;;;;x
c_bilma;Bilma;Bilma;Bilma;;Bilma;;;;;;;;;x
c_ghat;Ghat;Ghat;Ghat;;Ghat;;;;;;;;;x
c_djanet;Djanet;Djanet;Djanet;;Djanet;;;;;;;;;x
c_awbari;Awbari;Awbari;Awbari;;Awbari;;;;;;;;;x
c_sabha;Sabha;Sabha;Sabha;;Sabha;;;;;;;;;x
c_jawf;Jawf;Jawf;Jawf;;Jawf;;;;;;;;;x
c_gaoga;Gaoga;Gaoga;Gaoga;;Gaoga;;;;;;;;;x
c_arlit_adj;Arlit;Arlit;Arlit;;Arlit;;;;;;;;;x
c_abardok_adj;Abardok;Abardok;Abardok;;Abardok;;;;;;;;;x
c_bilma_adj;Bilman;Bilman;Bilman;;Bilman;;;;;;;;;x
c_ghat_adj;Ghat;Ghat;Ghat;;Ghat;;;;;;;;;x
c_djanet_adj;Djanet;Djanet;Djanet;;Djanet;;;;;;;;;x
c_awbari_adj;Awbari;Awbari;Awbari;;Awbari;;;;;;;;;x
c_sabha_adj;Sabhan;Sabhan;Sabhan;;Sabhan;;;;;;;;;x
c_jawf_adj;Jawf;Jawf;Jawf;;Jawf;;;;;;;;;x
c_gaoga_adj;Gaogan;Gaogan;Gaogan;;Gaogan;;;;;;;;;x
c_salima;Salima;Salima;Salima;;Salima;;;;;;;;;x
c_laqiya;Laqiya Arba'in;Laqiya Arba'in;Laqiya Arba'in;;Laqiya Arba'in;;;;;;;;;x
c_baris;Baris;Baris;Baris;;Baris;;;;;;;;;x
c_mut;Mut;Mut;Mut;;Mut;;;;;;;;;x
c_kufra;Kufra;Kufra;Kufra;;Kufra;;;;;;;;;x
c_zurq;Az Zurq;Az Zurq;Az Zurq;;Az Zurq;;;;;;;;;x
c_salima_adj;Saliman;Saliman;Saliman;;Saliman;;;;;;;;;x
c_laqiya_adj;Arban;Arban;Arban;;Arban;;;;;;;;;x
c_baris_adj;Barish;Barish;Barish;;Barish;;;;;;;;;x
c_mut_adj;Mut;Mut;Mut;;Mut;;;;;;;;;x
c_kufra_adj;Kufran;Kufran;Kufran;;Kufran;;;;;;;;;x
c_zurq_adj;Zurqic;Zurqic;Zurqic;;Zurqic;;;;;;;;;x
d_alamayn;Alamayn;Alamayn;Alamayn;;Alamayn;;;;;;;;;x
d_alamayn_adj;Alamaynic;Alamaynic;Alamaynic;;Alamaynic;;;;;;;;;x
k_fez;Fez;Fez;Fez;;Fez;;;;;;;;;x
k_fez_adj;Fezzian;Fezzian;Fezzian;;Fezzian;;;;;;;;;x
e_nubia;Nubian Empire;Nubian Empire;Nubian Empire;;Nubian Empire;;;;;;;;;x
e_nubia_adj;Nubian;Nubian;Nubian;;Nubian;;;;;;;;;x